{
    "version": 1,
    "author": "Gundala 11",
    "editor": "wokwi",
    "parts": [
        {
            "type": "board-esp32-devkit-c-v4",
            "id": "esp",
            "top": 0,
            "left": 0,
            "attrs": {}
        },
        {
            "type": "wokwi-led",
            "id": "led1",
            "top": -61.2,
            "left": -101.8,
            "attrs": {
                "color": "red"
            }
        },
        {
            "type": "wokwi-led",
            "id": "led2",
            "top": 6,
            "left": -121,
            "attrs": {
                "color": "yellow"
            }
        },
        {
            "type": "wokwi-led",
            "id": "led3",
            "top": 44.4,
            "left": -169,
            "attrs": {
                "color": "green"
            }
        },
        {
            "type": "wokwi-resistor",
            "id": "resistorMerah",
            "attrs": {
                "value": "220"
            }
        },
        {
            "type": "wokwi-resistor",
            "id": "resistorKuning",
            "attrs": {
                "value": "220"
            }
        },
        {
            "type": "wokwi-resistor",
            "id": "resistorHijau",
            "attrs": {
                "value": "220"
            }
        }
    ],
    "connections": [
        [
            "esp:TX",
            "$serialMonitor:RX",
            "",
            []
        ],
        [
            "esp:RX",
            "$serialMonitor:TX",
            "",
            []
        ],
        [
            "led1:A",
            "esp:26",
            "green",
            [
                "v0"
            ]
        ],
        [
            "led1:C",
            "resistorMerah:1",
            "blue",
            [
                "v0"
            ]
        ],
        [
            "resistorMerah:2",
            "esp:GND.1",
            "black",
            [
                "v0"
            ]
        ],
        [
            "led2:A",
            "esp:32",
            "green",
            [
                "v0"
            ]
        ],
        [
            "led2:C",
            "resistorKuning:1",
            "blue",
            [
                "v0"
            ]
        ],
        [
            "resistorKuning:2",
            "esp:GND.1",
            "black",
            [
                "v0"
            ]
        ],
        [
            "led3:A",
            "esp:33",
            "green",
            [
                "v0"
            ]
        ],
        [
            "led3:C",
            "resistorHijau:1",
            "blue",
            [
                "v0"
            ]
        ],
        [
            "resistorHijau:2",
            "esp:GND.1",
            "black",
            [
                "v0"
            ]
        ]
    ],
    "dependencies": {}
}