{
    "version": 1,
    "author": "Andreika Luna",
    "editor": "wokwi",
    "parts": [
        {
            "type": "board-esp32-devkit-c-v4",
            "id": "esp",
            "top": 0,
            "left": 0,
            "attrs": {}
        },
        {
            "type": "wokwi-led",
            "id": "led_kuning",
            "top": -70.8,
            "left": -34.6,
            "attrs": {
                "color": "orange"
            }
        },
        {
            "type": "wokwi-led",
            "id": "led_hijau",
            "top": -3.6,
            "left": -73,
            "attrs": {
                "color": "green"
            }
        }
    ],
    "connections": [
        [
            "esp:TX",
            "$serialMonitor:RX",
            "",
            []
        ],
        [
            "esp:RX",
            "$serialMonitor:TX",
            "",
            []
        ],
        [
            "led_kuning:A",
            "esp:33",
            "green",
            [
                "v0"
            ]
        ],
        [
            "led_kuning:C",
            "esp:GND.1",
            "green",
            [
                "v0"
            ]
        ],
        [
            "led_hijau:A",
            "esp:25",
            "green",
            [
                "v0"
            ]
        ],
        [
            "led_hijau:C",
            "esp:GND.1",
            "green",
            [
                "v0"
            ]
        ]
    ],
    "dependencies": {}
}