{
    "version": 1,
    "author": "Andreika Luna",
    "editor": "wokwi",
    "parts": [
        {
            "type": "board-esp32-devkit-c-v4",
            "id": "esp",
            "top": 0,
            "left": 0,
            "attrs": {}
        },
        {
            "type": "wokwi-relay-module",
            "id": "relay1",
            "top": -95.8,
            "left": 172.8,
            "attrs": {}
        },
        {
            "type": "wokwi-pushbutton",
            "id": "btn1",
            "top": 35,
            "left": 211.2,
            "attrs": {
                "color": "green",
                "xray": "1"
            }
        },
        {
            "type": "wokwi-led",
            "id": "led1",
            "top": 140.4,
            "left": 167,
            "attrs": {
                "color": "red"
            }
        }
    ],
    "connections": [
        [
            "esp:TX",
            "$serialMonitor:RX",
            "",
            []
        ],
        [
            "esp:RX",
            "$serialMonitor:TX",
            "",
            []
        ],
        [
            "relay1:VCC",
            "esp:3V3",
            "red",
            [
                "h0"
            ]
        ],
        [
            "relay1:GND",
            "esp:GND.2",
            "black",
            [
                "h0"
            ]
        ],
        [
            "btn1:2.l",
            "esp:GND.2",
            "green",
            [
                "h-57.6",
                "v-38.2"
            ]
        ],
        [
            "relay1:IN",
            "esp:23",
            "green",
            [
                "h-38.4",
                "v-0.2"
            ]
        ],
        [
            "led1:C",
            "esp:GND.2",
            "green",
            [
                "v9.6",
                "h-18.8",
                "v-163.2"
            ]
        ],
        [
            "btn1:1.l",
            "esp:19",
            "green",
            [
                "h-76.8",
                "v48"
            ]
        ],
        [
            "led1:A",
            "esp:18",
            "green",
            [
                "v9.6",
                "h19.2",
                "v-76.8"
            ]
        ]
    ],
    "dependencies": {}
}