{
    "version": 1,
    "author": "Andreika Luna",
    "editor": "wokwi",
    "parts": [
        {
            "type": "board-esp32-devkit-c-v4",
            "id": "esp",
            "top": 0,
            "left": 0,
            "attrs": {}
        },
        {
            "type": "wokwi-dht22",
            "id": "dht1",
            "top": -124.5,
            "left": -82.2,
            "attrs": {}
        }
    ],
    "connections": [
        [
            "esp:TX",
            "$serialMonitor:RX",
            "",
            []
        ],
        [
            "esp:RX",
            "$serialMonitor:TX",
            "",
            []
        ],
        [
            "dht1:VCC",
            "esp:3V3",
            "red",
            [
                "v0"
            ]
        ],
        [
            "dht1:SDA",
            "esp:27",
            "green",
            [
                "v0"
            ]
        ],
        [
            "dht1:GND",
            "esp:GND.1",
            "black",
            [
                "v0"
            ]
        ]
    ],
    "dependencies": {}
}