{
    "version": 1,
    "author": "Andreika Luna",
    "editor": "wokwi",
    "parts": [
        {
            "type": "board-esp32-devkit-c-v4",
            "id": "esp",
            "top": 0,
            "left": 0,
            "attrs": {}
        },
        {
            "type": "wokwi-hc-sr04",
            "id": "ultrasonic1",
            "top": -113.7,
            "left": 139.9,
            "attrs": {}
        }
    ],
    "connections": [
        [
            "esp:TX",
            "$serialMonitor:RX",
            "",
            []
        ],
        [
            "esp:RX",
            "$serialMonitor:TX",
            "",
            []
        ],
        [
            "ultrasonic1:VCC",
            "esp:3V3",
            "red",
            [
                "v9.6",
                "h-220.8",
                "v38.4"
            ]
        ],
        [
            "ultrasonic1:GND",
            "esp:GND.2",
            "black",
            [
                "v48",
                "h-135.6"
            ]
        ],
        [
            "ultrasonic1:TRIG",
            "esp:18",
            "green",
            [
                "v0"
            ]
        ],
        [
            "ultrasonic1:ECHO",
            "esp:19",
            "green",
            [
                "v0"
            ]
        ]
    ],
    "dependencies": {}
}